job_num,msg_size,avg_latency
1,10485760,144794.099000
1,20971520,212219.972200
1,31457280,317446.809300
1,41943040,423255.898100
1,52428800,529422.730200
1,62914560,635660.700500
1,73400320,742253.858600
1,83886080,847308.673000
1,94371840,955567.970900
1,104857600,1060583.215200
